arm,subject,file,file_name,n_samples,n_channels,n_windows,duration_s,channel_rms_mean,channel_rms_std,channel_rms_min,channel_rms_max,channel_rms_cv,dead_channels_lt1,dead_channels_lt2,sat_channels_gt5000,label_unknown_frac,label_frac_neutral,label_frac_neutral_buffer,label_frac_left_turn,label_frac_right_turn,label_frac_signal_left,label_frac_signal_right,label_frac_horn,window_conf_mean,window_conf_p10,window_conf_p25,window_low_conf_frac_lt08,train_kept_windows,train_keep_frac,kept_frac_neutral,kept_frac_left_turn,kept_frac_right_turn,kept_frac_signal_left,kept_frac_signal_right,kept_frac_horn,has_calib,calib_neutral_rms_mean,calib_mvc_rms_mean,calib_ratio_mean,calib_ratio_median,calib_ratio_min,calib_ratio_max,calib_weak_ch_lt15,calib_weak_ch_lt20
right arm,Matthew,data/right arm/Matthew/filtered/Matthew_session01_relabeled_first_gesture_dropped_filtered.npz,Matthew_session01_relabeled_first_gesture_dropped_filtered.npz,363474,17,3633,181.737,0.04498792812228203,0.03988182172179222,0.015460890717804432,0.1872796267271042,0.8865005373954773,17,17,0,0.0,0.1365595470879104,0.2080488129485355,0.10925582776236448,0.13653907185782,0.13653907185782,0.1365595470879104,0.1364981213976392,0.8384255436278558,0.0,1.0,0.16157445637214424,2378,0.6545554638040187,0.1724137931034483,0.13793103448275862,0.1724137931034483,0.1724137931034483,0.1724137931034483,0.1724137931034483,1,0.043623730540275574,0.058449484407901764,1.546797752380371,1.7211196422576904,0.7099993824958801,2.6689505577087402,7,16
right arm,Matthew,data/right arm/Matthew/filtered/Matthew_session02_relabeled_first_gesture_dropped_filtered.npz,Matthew_session02_relabeled_first_gesture_dropped_filtered.npz,363042,17,3629,181.521,0.04368866607546806,0.04275514930486679,0.015718698501586914,0.20704343914985657,0.9786325097084045,17,17,0,0.0,0.13667395612656325,0.20702521697532975,0.10931456297409964,0.13671495933848152,0.1367593794847263,0.1367764641563589,0.13673546094444064,0.8382474510884541,0.0,1.0,0.1617525489115459,2379,0.6555524937999448,0.1723413198823035,0.13787305590584278,0.1723413198823035,0.1723413198823035,0.17276166456494324,0.1723413198823035,1,0.009703246876597404,0.18194766342639923,29.757736206054688,15.364752769470215,2.980813980102539,107.27871704101562,0,0
right arm,Matthew,data/right arm/Matthew/filtered/Matthew_session03_relabeled_first_gesture_dropped_filtered.npz,Matthew_session03_relabeled_first_gesture_dropped_filtered.npz,363420,17,3633,181.71,0.036124855279922485,0.041442204266786575,0.01643153838813305,0.19469910860061646,1.1471936702728271,17,17,0,0.0,0.13659784134095,0.20798519464466805,0.10923729884213654,0.13663540105235483,0.1365329654757962,0.13659784134095,0.13641345730314444,0.8387007982383705,0.0,1.0,0.1612992017616295,2378,0.6545554638040187,0.1724137931034483,0.13793103448275862,0.1724137931034483,0.1724137931034483,0.1724137931034483,0.1724137931034483,1,0.011802677996456623,0.08441761136054993,14.16742992401123,4.164366722106934,3.0184717178344727,50.072933197021484,0,0
right arm,Matthew,data/right arm/Matthew/filtered/Matthew_session04_relabeled_first_gesture_dropped_filtered.npz,Matthew_session04_relabeled_first_gesture_dropped_filtered.npz,363258,17,3631,181.629,0.028939664363861084,0.037788938730955124,0.01072089746594429,0.1728542298078537,1.3057836294174194,17,17,0,0.0,0.1365181539553711,0.20789504221929458,0.1092513839873854,0.13653521915124542,0.13655911042546948,0.13660006689556783,0.1366410233656662,0.8394381713026714,0.0,1.0,0.16056182869732855,2380,0.6554668135499863,0.1722689075630252,0.13781512605042018,0.1722689075630252,0.1722689075630252,0.1726890756302521,0.1726890756302521,1,0.009433431550860405,0.06671310216188431,13.801430702209473,3.613002061843872,1.9118363857269287,48.622161865234375,0,1
right arm,Matthew,data/right arm/Matthew/filtered/Matthew_session05_relabeled_first_gesture_dropped_filtered.npz,Matthew_session05_relabeled_first_gesture_dropped_filtered.npz,362826,17,3627,181.413,0.03810039907693863,0.04603062942624092,0.016454705968499184,0.21515007317066193,1.2081403732299805,17,17,0,0.0,0.1369785621103019,0.20560651662540702,0.109521217039373,0.1369991063265914,0.13691692946143336,0.1369785621103019,0.1369991063265914,0.8367797077474497,0.0,1.0,0.16322029225255033,2378,0.6556382685414943,0.1724137931034483,0.13793103448275862,0.1724137931034483,0.1724137931034483,0.1724137931034483,0.1724137931034483,1,0.011941231787204742,0.17946301400661469,28.976909637451172,30.345115661621094,1.32358717918396,54.87600326538086,1,1
right arm,Matthew,data/right arm/Matthew/filtered/Matthew_session06_relabeled_first_gesture_dropped_filtered.npz,Matthew_session06_relabeled_first_gesture_dropped_filtered.npz,363204,17,3631,181.602,0.03380371630191803,0.04508254677057266,0.010227825492620468,0.19870111346244812,1.3336565494537354,17,17,0,0.0,0.1365200412362688,0.208113440702382,0.10920784035282953,0.13665999877110457,0.13649955964580504,0.13649955964580504,0.13649955964580504,0.8386119526301294,0.0,1.0,0.16138804736987056,2378,0.6549160011016248,0.1724137931034483,0.13793103448275862,0.1724137931034483,0.1724137931034483,0.1724137931034483,0.1724137931034483,1,0.0076460279524326324,0.054700836539268494,9.883974075317383,5.395825386047363,1.6659287214279175,28.29437255859375,0,1
right arm,Matthew,data/right arm/Matthew/filtered/Matthew_session07_relabeled_first_gesture_dropped_filtered.npz,Matthew_session07_relabeled_first_gesture_dropped_filtered.npz,362664,17,3625,181.332,0.03104306012392044,0.03933809697628021,0.011019937694072723,0.1775692105293274,1.2672107219696045,17,17,0,0.0,0.13696067096738884,0.20631836745862892,0.10944950299978792,0.13683411206961424,0.1368170095158609,0.13679648645135692,0.13682385053736223,0.8388965517241379,0.0,1.0,0.16110344827586207,2378,0.656,0.1724137931034483,0.13793103448275862,0.1724137931034483,0.1724137931034483,0.1724137931034483,0.1724137931034483,1,0.04420720040798187,0.08489678800106049,18.976715087890625,3.6089115142822266,0.07249973714351654,155.8418731689453,4,4
right arm,Matthew,data/right arm/Matthew/filtered/Matthew_session08_relabeled_first_gesture_dropped_filtered.npz,Matthew_session08_relabeled_first_gesture_dropped_filtered.npz,363582,17,3634,181.791,0.03370378911495209,0.04285687953233719,0.012401599436998367,0.19591566920280457,1.2715744972229004,17,17,0,0.0,0.13669757672011887,0.2074901378144372,0.10928838567549568,0.13663609816076644,0.1365951124545315,0.1366770838670014,0.13661560530764896,0.837369290038525,0.0,1.0,0.16263070996147497,2378,0.6543753439735829,0.1724137931034483,0.13793103448275862,0.1724137931034483,0.1724137931034483,0.1724137931034483,0.1724137931034483,1,0.007062250282615423,0.0746908187866211,15.130254745483398,10.09825325012207,2.66922664642334,46.65114974975586,0,0
right arm,Matthew,data/right arm/Matthew/filtered/Matthew_session09_filtered.npz,Matthew_session09_filtered.npz,365256,17,3651,182.628,0.02592720277607441,0.010350605472922325,0.011531630530953407,0.0611894391477108,0.39921799302101135,17,17,0,0.0,0.14813333333333334,0.11114074074074073,0.14817777777777777,0.14817777777777777,0.1481037037037037,0.1481185185185185,0.14814814814814814,0.7721172281566694,0.0,1.0,0.22788277184333058,2460,0.6737880032867708,0.16666666666666666,0.16666666666666666,0.16666666666666666,0.16666666666666666,0.16666666666666666,0.16666666666666666,1,0.03190545365214348,0.14018936455249786,7.900850296020508,8.219242095947266,1.071893572807312,18.143390655517578,3,5
right arm,Matthew,data/right arm/Matthew/filtered/Matthew_session10_filtered.npz,Matthew_session10_filtered.npz,365310,17,3652,182.655,0.02447008527815342,0.009561612270772457,0.009924832731485367,0.05502641946077347,0.39074698090553284,17,17,0,0.0,0.14813936951884332,0.111297108319507,0.14810974164493956,0.14813936951884332,0.14809492770798768,0.14812455558189144,0.14809492770798768,0.7721796276013143,0.0,1.0,0.22782037239868566,2460,0.6736035049288062,0.16666666666666666,0.16666666666666666,0.16666666666666666,0.16666666666666666,0.16666666666666666,0.16666666666666666,1,0.010434329509735107,0.08058223128318787,8.766413688659668,8.235382080078125,4.023532390594482,16.42439842224121,0,0
right arm,Matthew,data/right arm/Matthew/filtered/Matthew_session11_filtered.npz,Matthew_session11_filtered.npz,365364,17,3652,182.682,0.02102993242442608,0.010266757570207119,0.008055961690843105,0.05869128182530403,0.48819735646247864,17,17,0,0.0,0.1481031596723303,0.11120328262254285,0.14811797295095325,0.14814759950819914,0.14814759950819914,0.1481031596723303,0.14817722606544506,0.7724534501642936,0.0,1.0,0.22754654983570646,2460,0.6736035049288062,0.16666666666666666,0.16666666666666666,0.16666666666666666,0.16666666666666666,0.16666666666666666,0.16666666666666666,1,0.015517850406467915,0.0493367575109005,4.671733856201172,2.4389612674713135,1.1112794876098633,12.773582458496094,1,1
right arm,Matthew,data/right arm/Matthew/filtered/Matthew_session12_filtered.npz,Matthew_session12_filtered.npz,364662,17,3645,182.331,0.02313506044447422,0.009292429313063622,0.01019231416285038,0.05559375509619713,0.4016600549221039,17,17,0,0.0,0.14815034296804397,0.11123127750040741,0.14813552793374718,0.14813552793374718,0.14810589786515355,0.14809108283085676,0.14815034296804397,0.7733882030178326,0.0,1.0,0.22661179698216735,2460,0.6748971193415638,0.16666666666666666,0.16666666666666666,0.16666666666666666,0.16666666666666666,0.16666666666666666,0.16666666666666666,1,0.011986436322331429,0.07820990681648254,8.79284954071045,6.672183036804199,2.802539825439453,20.452003479003906,0,0
right arm,Matthew,data/right arm/Matthew/filtered/Matthew_session13_filtered.npz,Matthew_session13_filtered.npz,365202,17,3651,182.601,0.023713085800409317,0.009583555161952972,0.009901298210024834,0.05763416737318039,0.404146283864975,17,17,0,0.0,0.1481042654028436,0.11134478672985781,0.14816350710900475,0.1481042654028436,0.14803021327014218,0.14811907582938388,0.14813388625592416,0.7726650232812928,0.0,1.0,0.2273349767187072,2459,0.673514105724459,0.16673444489629932,0.16673444489629932,0.16673444489629932,0.16673444489629932,0.16673444489629932,0.16632777551850345,1,0.04425385966897011,0.14878582954406738,6.801392078399658,3.048955202102661,1.7693105936050415,20.284908294677734,0,1
right arm,Matthew,data/right arm/Matthew/filtered/Matthew_session14_filtered.npz,Matthew_session14_filtered.npz,364608,17,3645,182.304,0.027489738538861275,0.012295774184167385,0.010690630413591862,0.06337987631559372,0.4472859501838684,17,17,0,0.0,0.14813717502407228,0.11120657729057107,0.14813717502407228,0.1481668024590771,0.1481964298940819,0.14807792015406265,0.14807792015406265,0.7736625514403292,0.0,1.0,0.22633744855967078,2460,0.6748971193415638,0.16666666666666666,0.16666666666666666,0.16666666666666666,0.16666666666666666,0.16666666666666666,0.16666666666666666,1,0.01369445025920868,0.28066495060920715,21.08146095275879,21.928964614868164,3.867992639541626,32.09443283081055,0,0
right arm,Matthew,data/right arm/Matthew/filtered/Matthew_session15_filtered.npz,Matthew_session15_filtered.npz,365148,17,3650,182.574,0.026729712262749672,0.0092537896707654,0.011637946590781212,0.054649390280246735,0.3461986184120178,17,17,0,0.0,0.14818709639196634,0.1113069494638308,0.14815747378399194,0.1480537946560815,0.1480686059600687,0.14809822856804314,0.14812785117601754,0.7728767123287671,0.0,1.0,0.22712328767123288,2461,0.6742465753424658,0.16659894351889476,0.1670052824055262,0.16659894351889476,0.16659894351889476,0.16659894351889476,0.16659894351889476,1,0.013221780769526958,0.26807984709739685,18.607995986938477,19.38739013671875,3.954291820526123,28.87877655029297,0,0
right arm,Matthew,data/right arm/Matthew/filtered/Matthew_session16_filtered.npz,Matthew_session16_filtered.npz,365472,17,3653,182.736,0.026616830378770828,0.010764903388917446,0.01052149012684822,0.057091809809207916,0.4044397175312042,17,17,0,0.0,0.14816021804823132,0.11127570065769983,0.14820465722581028,0.14811577887065236,0.1480861527522664,0.1480861527522664,0.1480713396930734,0.7719682452778538,0.0,1.0,0.22803175472214618,2461,0.6736928551875171,0.1670052824055262,0.16659894351889476,0.16659894351889476,0.16659894351889476,0.16659894351889476,0.16659894351889476,1,0.009525146335363388,0.3025040924549103,32.25386428833008,32.733341217041016,3.2431399822235107,49.64019012451172,0,0
right arm,Matthew,data/right arm/Matthew/filtered/Matthew_session17_filtered.npz,Matthew_session17_filtered.npz,364878,17,3647,182.439,0.025999531149864197,0.01101124007254839,0.012064903974533081,0.06227334961295128,0.4235168695449829,17,17,0,0.0,0.1481503427485807,0.1111609011084241,0.14813552919566111,0.1481503427485807,0.14816145291327035,0.14810590208982197,0.14813552919566111,0.7726898820948725,0.0,1.0,0.2273101179051275,2459,0.674252810529202,0.16673444489629932,0.16673444489629932,0.16632777551850345,0.16673444489629932,0.16673444489629932,0.16673444489629932,1,0.00986947026103735,0.24537456035614014,25.735031127929688,25.133440017700195,2.282322406768799,39.42976760864258,0,0
right arm,Matthew,data/right arm/Matthew/filtered/Matthew_session18_filtered.npz,Matthew_session18_filtered.npz,365364,17,3652,182.682,0.02361946739256382,0.010147771798074245,0.010745302774012089,0.05988461151719093,0.4296359419822693,17,17,0,0.0,0.14815582876610872,0.11118352836616797,0.14814101614575617,0.14815582876610872,0.14815582876610872,0.14809657828469858,0.1481113909050511,0.7724534501642936,0.0,1.0,0.22754654983570646,2460,0.6736035049288062,0.16666666666666666,0.16666666666666666,0.16666666666666666,0.16666666666666666,0.16666666666666666,0.16666666666666666,1,0.018663300201296806,0.30275464057922363,14.89130973815918,17.521448135375977,2.3823838233947754,22.837026596069336,0,0
right arm,Matthew,data/right arm/Matthew/filtered/Matthew_session19_filtered.npz,Matthew_session19_filtered.npz,364824,17,3647,182.412,0.025730693712830544,0.009433850646018982,0.011504885740578175,0.05561970919370651,0.36663803458213806,17,17,0,0.0,0.14810207194798655,0.1113135172761067,0.14810207194798655,0.14811688215518135,0.14813169236237614,0.14811688215518135,0.14811688215518135,0.7732382780367425,0.0,1.0,0.22676172196325747,2460,0.6745270085001371,0.16666666666666666,0.16666666666666666,0.16666666666666666,0.16666666666666666,0.16626016260162602,0.16707317073170733,1,0.008250214159488678,0.21802480518817902,24.096309661865234,25.393163681030273,4.831769943237305,38.09014129638672,0,0
right arm,Matthew,data/right arm/Matthew/filtered/Matthew_session20_filtered.npz,Matthew_session20_filtered.npz,365688,17,3655,182.844,0.02458547055721283,0.010451927781105042,0.01313436683267355,0.06278032809495926,0.42512619495391846,17,17,0,0.0,0.14813223923926888,0.1112509997926356,0.1481026157537696,0.14817667446751784,0.14811742749651924,0.1481026157537696,0.14811742749651924,0.772093023255814,0.0,1.0,0.22790697674418606,2462,0.6735978112175103,0.16653127538586515,0.16653127538586515,0.1669374492282697,0.1669374492282697,0.16653127538586515,0.16653127538586515,1,0.09234301745891571,0.18469496071338654,4.605351448059082,1.9032976627349854,0.8572822213172913,16.813613891601562,1,11
right arm,Matthew,data/right arm/Matthew/filtered/Matthew_session21_filtered.npz,Matthew_session21_filtered.npz,366606,17,3665,183.303,0.041944414377212524,0.019585542380809784,0.012616987340152264,0.06472204625606537,0.46694043278694153,17,17,0,0.0,0.14809933022077906,0.11140031619207003,0.14805490042171285,0.14817337988588947,0.1480289830389242,0.14815856995286739,0.148084520287757,0.7697135061391541,0.0,1.0,0.23028649386084585,2460,0.6712141882673943,0.16666666666666666,0.16666666666666666,0.16666666666666666,0.16626016260162602,0.16707317073170733,0.16666666666666666,1,0.009246453642845154,0.40474915504455566,38.82699203491211,45.302093505859375,8.527976989746094,62.383575439453125,0,0
right arm,Matthew,data/right arm/Matthew/filtered/Matthew_session22_filtered.npz,Matthew_session22_filtered.npz,386154,17,3860,193.077,0.055328335613012314,0.0356280654668808,0.012479957193136215,0.14126184582710266,0.6439388394355774,17,17,0,0.0,0.13805498795281945,0.17176608966222887,0.13805498795281945,0.13801898143563984,0.13801898143563984,0.13803098360803306,0.13805498795281945,0.8948186528497409,0.0,1.0,0.10518134715025906,2820,0.7305699481865285,0.16666666666666666,0.16666666666666666,0.16666666666666666,0.16666666666666666,0.16666666666666666,0.16666666666666666,1,0.06954912841320038,0.1948227733373642,7.303096771240234,4.832556247711182,1.5997071266174316,29.876501083374023,0,3
right arm,subject02,data/right arm/subject02/filtered/subject02_session01_relabeled_first_gesture_dropped_filtered.npz,subject02_session01_relabeled_first_gesture_dropped_filtered.npz,364770,17,3646,182.385,0.054708436131477356,0.03888285160064697,0.016100142151117325,0.19005057215690613,0.710728645324707,17,17,0,0.0,0.15319880796426957,0.11133583078608475,0.12255904637141565,0.15334053457746316,0.15317582527023818,0.1532026384132748,0.15318731661725388,0.7476686780032913,0.0,0.0,0.2523313219967087,2375,0.6513987931980252,0.17221052631578948,0.13810526315789473,0.17221052631578948,0.1726315789473684,0.1726315789473684,0.17221052631578948,1,0.032001614570617676,0.04249493032693863,3.2000105381011963,2.547750473022461,0.14697854220867157,10.517053604125977,5,5
right arm,subject02,data/right arm/subject02/filtered/subject02_session02_relabeled_first_gesture_dropped_filtered.npz,subject02_session02_relabeled_first_gesture_dropped_filtered.npz,362610,17,3625,181.305,0.04016959294676781,0.040902815759181976,0.012631559744477272,0.19583040475845337,1.018253207206726,17,17,0,0.0,0.1531297628074045,0.11159616754359764,0.12255588998920111,0.15319103309361334,0.15320635066516555,0.1531297628074045,0.15319103309361334,0.752,0.0,1.0,0.248,2378,0.656,0.1724137931034483,0.13793103448275862,0.1724137931034483,0.1724137931034483,0.1724137931034483,0.1724137931034483,1,0.01098787970840931,0.04687440022826195,8.83046817779541,3.772332191467285,2.1289100646972656,79.54010772705078,0,0
right arm,subject02,data/right arm/subject02/filtered/subject02_session03_relabeled_first_gesture_dropped_filtered.npz,subject02_session03_relabeled_first_gesture_dropped_filtered.npz,363528,17,3634,181.764,0.03583892062306404,0.042924944311380386,0.011916987597942352,0.19946454465389252,1.197718620300293,17,17,0,0.0,0.1532521851037589,0.11129666087036455,0.12254965796710662,0.15322154385911155,0.15320622323678787,0.15322154385911155,0.1532521851037589,0.7504127682993946,0.0,1.0,0.2495872317006054,2380,0.654925701706109,0.1726890756302521,0.13781512605042018,0.1722689075630252,0.1726890756302521,0.1722689075630252,0.1722689075630252,1,0.010356439277529716,0.032386742532253265,6.533891201019287,2.3985133171081543,1.8656752109527588,58.68357467651367,0,1
right arm,subject02,data/right arm/subject02/filtered/subject02_session04_relabeled_first_gesture_dropped_filtered.npz,subject02_session04_relabeled_first_gesture_dropped_filtered.npz,363366,17,3632,181.683,0.034655533730983734,0.04015664383769035,0.011139948852360249,0.1876370757818222,1.1587368249893188,17,17,0,0.0,0.1531815152698945,0.11144303758684346,0.12255746796271189,0.1531815152698945,0.15322747432038053,0.15322747432038053,0.1531815152698945,0.7508259911894273,0.0,1.0,0.2491740088105727,2377,0.6544603524229075,0.17248632730332353,0.1379890618426588,0.17248632730332353,0.17248632730332353,0.17248632730332353,0.17206562894404712,1,0.009511607699096203,0.03891098499298096,7.60065221786499,3.4878523349761963,2.7506260871887207,66.29256439208984,0,0
right arm,subject02,data/right arm/subject02/filtered/subject02_session05_relabeled_first_gesture_dropped_filtered.npz,subject02_session05_relabeled_first_gesture_dropped_filtered.npz,363312,17,3632,181.656,0.029419386759400368,0.037291381508111954,0.01093081384897232,0.17101235687732697,1.2675784826278687,17,17,0,0.0,0.15328394456404323,0.11121666449601238,0.12259344666702418,0.15326862229849306,0.15320733323629232,0.15319201097074214,0.15323797776739267,0.7502753303964758,0.0,1.0,0.24972466960352424,2378,0.6547356828193832,0.1724137931034483,0.13793103448275862,0.1724137931034483,0.1724137931034483,0.1724137931034483,0.1724137931034483,1,0.008787523955106735,0.024038178846240044,6.0935845375061035,2.0757083892822266,1.5512162446975708,49.40614700317383,0,7
right arm,subject02,data/right arm/subject02/filtered/subject02_session06_relabeled_first_gesture_dropped_filtered.npz,subject02_session06_relabeled_first_gesture_dropped_filtered.npz,363150,17,3630,181.575,0.03372596576809883,0.036624666303396225,0.011196145787835121,0.17171050608158112,1.0859485864639282,17,17,0,0.0,0.1532145018345602,0.11142942496687068,0.12254402561490321,0.15315322216179367,0.15318386199817693,0.15329110142551838,0.15318386199817693,0.7509641873278237,0.0,1.0,0.2490358126721763,2377,0.6548209366391184,0.17248632730332353,0.1379890618426588,0.17248632730332353,0.17206562894404712,0.17248632730332353,0.17248632730332353,1,0.007331177592277527,0.027425872161984444,6.685610771179199,3.1306512355804443,2.2866737842559814,47.22758102416992,0,0
right arm,subject02,data/right arm/subject02/filtered/subject02_session07_relabeled_first_gesture_dropped_filtered.npz,subject02_session07_relabeled_first_gesture_dropped_filtered.npz,363852,17,3637,181.926,0.03244899585843086,0.03633040189743042,0.011533910408616066,0.1694353222846985,1.1196155548095703,17,17,0,0.0,0.1531519798984196,0.1112864551812896,0.12266254012272383,0.15325922918406276,0.15325922918406276,0.15316730122494004,0.1532132652045014,0.7495188342040143,0.0,0.0,0.2504811657959857,2378,0.6538355787737146,0.1724137931034483,0.13793103448275862,0.1724137931034483,0.1724137931034483,0.1724137931034483,0.1724137931034483,1,0.009490741416811943,0.03979802876710892,5.693775177001953,3.610410690307617,2.6376378536224365,26.422048568725586,0,0
right arm,subject03,data/right arm/subject03/filtered/subject03_session01_relabeled_first_gesture_dropped_filtered.npz,subject03_session01_relabeled_first_gesture_dropped_filtered.npz,362934,17,3628,181.467,0.025266528129577637,0.00840552244335413,0.013308918103575706,0.0458284430205822,0.33267420530319214,17,17,0,0.0,0.15322846350116082,0.1113545984629648,0.12257970592517106,0.15321313912237283,0.15324378787994883,0.15319781474358482,0.15318249036479684,0.7511025358324146,0.0,1.0,0.24889746416758546,2377,0.6551819184123484,0.17206562894404712,0.1379890618426588,0.17248632730332353,0.17248632730332353,0.17248632730332353,0.17248632730332353,1,0.008084855042397976,0.16589027643203735,21.85265350341797,20.06700897216797,11.099570274353027,58.23146057128906,0,0
right arm,subject03,data/right arm/subject03/filtered/subject03_session02_relabeled_first_gesture_dropped_filtered.npz,subject03_session02_relabeled_first_gesture_dropped_filtered.npz,363312,17,3632,181.656,0.01740465871989727,0.0053426665253937244,0.009127961471676826,0.03135991469025612,0.3069676160812378,17,17,0,0.0,0.1531521181345404,0.111555341099699,0.12253088547291346,0.15310616330813476,0.15328998261375734,0.1531521181345404,0.15321339123641461,0.751101321585903,0.0,1.0,0.2488986784140969,2379,0.6550110132158591,0.1723413198823035,0.13787305590584278,0.1723413198823035,0.17276166456494324,0.1723413198823035,0.1723413198823035,1,0.0076194144785404205,0.10127455741167068,14.939311027526855,12.457198143005371,7.473672389984131,40.203651428222656,0,0
right arm,subject03,data/right arm/subject03/filtered/subject03_session03_relabeled_first_gesture_dropped_filtered.npz,subject03_session03_relabeled_first_gesture_dropped_filtered.npz,362826,17,3627,181.413,0.017542431131005287,0.005718851927667856,0.010163293220102787,0.03592769429087639,0.3260011076927185,17,17,0,0.0,0.15321997036379023,0.11143061719129906,0.12255759724620645,0.1532467731374944,0.15315487791336577,0.15318933862241402,0.1532008255254301,0.7513096222773642,0.0,1.0,0.24869037772263577,2378,0.6556382685414943,0.1724137931034483,0.13793103448275862,0.1724137931034483,0.1724137931034483,0.1724137931034483,0.1724137931034483,1,0.008690470829606056,0.03890204057097435,7.775444507598877,3.8565571308135986,2.834352493286133,38.27436065673828,0,0
right arm,subject03,data/right arm/subject03/filtered/subject03_session04_relabeled_first_gesture_dropped_filtered.npz,subject03_session04_relabeled_first_gesture_dropped_filtered.npz,362340,17,3622,181.17,0.019105248153209686,0.007222132757306099,0.009570508264005184,0.04352521896362305,0.37801826000213623,17,17,0,0.0,0.1531860773362141,0.11137671332582497,0.1225549911508493,0.15321672374560416,0.1532933397690793,0.15315543092682404,0.15321672374560416,0.751794588625069,0.0,1.0,0.248205411374931,2378,0.6565433462175594,0.1719932716568545,0.13793103448275862,0.1724137931034483,0.17283431455004206,0.1719932716568545,0.17283431455004206,1,0.00860594306141138,0.033620744943618774,8.407703399658203,3.088270664215088,2.1083247661590576,42.423946380615234,0,0
right arm,subject03,data/right arm/subject03/filtered/subject03_session05_relabeled_first_gesture_dropped_filtered.npz,subject03_session05_relabeled_first_gesture_dropped_filtered.npz,362340,17,3622,181.17,0.016166316345334053,0.006372281815856695,0.007159508299082518,0.03275170177221298,0.3941703140735626,17,17,0,0.0,0.15319559671822214,0.11139199779376278,0.12252277097265951,0.15328752326890815,0.15324155999356515,0.15311899125931713,0.15324155999356515,0.7534511319712865,0.0,1.0,0.24654886802871342,2378,0.6565433462175594,0.1724137931034483,0.13793103448275862,0.17283431455004206,0.1719932716568545,0.1719932716568545,0.17283431455004206,1,0.0076761445961892605,0.02173377387225628,6.101280212402344,1.7953965663909912,1.4263691902160645,32.21446990966797,2,9
right arm,subject03,data/right arm/subject03/filtered/subject03_session06_relabeled_first_gesture_dropped_filtered.npz,subject03_session06_relabeled_first_gesture_dropped_filtered.npz,362934,17,3628,181.467,0.016089875251054764,0.0057764556258916855,0.006702200043946505,0.030795028433203697,0.35901182889938354,17,17,0,0.0,0.1531862087983638,0.11150773284717382,0.12254590300811202,0.1532321692570492,0.15320152895125894,0.15315556849257356,0.15317088864546868,0.7513781697905182,0.0,1.0,0.2486218302094818,2378,0.655457552370452,0.1724137931034483,0.13793103448275862,0.1724137931034483,0.1724137931034483,0.1724137931034483,0.1724137931034483,1,0.01042580883949995,0.02480209618806839,6.348269462585449,1.63786780834198,1.1137107610702515,40.03975296020508,8,9
right arm,subject04,data/right arm/subject04/filtered/subject04_session01_relabeled_first_gesture_dropped_filtered.npz,subject04_session01_relabeled_first_gesture_dropped_filtered.npz,362340,17,3622,181.17,0.05223085358738899,0.037069812417030334,0.00979315210133791,0.14840632677078247,0.7097301483154297,17,17,0,0.0,0.15319918191636855,0.11149070463963723,0.12255934553309486,0.15319918191636855,0.15319918191636855,0.1531685420799853,0.15318386199817693,0.7528989508558808,0.0,1.0,0.24710104914411926,2377,0.6562672556598564,0.17206562894404712,0.1379890618426588,0.1729070256625999,0.17248632730332353,0.17248632730332353,0.17206562894404712,1,0.03220667690038681,0.0629657432436943,4.642021656036377,5.785806179046631,0.20608361065387726,10.040696144104004,5,5
right arm,subject04,data/right arm/subject04/filtered/subject04_session02_relabeled_first_gesture_dropped_filtered.npz,subject04_session02_relabeled_first_gesture_dropped_filtered.npz,362826,17,3627,181.413,0.060791563242673874,0.053222205489873886,0.008231508545577526,0.22219529747962952,0.8754867315292358,17,17,0,0.0,0.15319559671822214,0.11148392434444879,0.12259937643156452,0.15316495453466014,0.15322623890178413,0.15322623890178413,0.15310367016753615,0.7513096222773642,0.0,1.0,0.24869037772263577,2378,0.6556382685414943,0.1724137931034483,0.13793103448275862,0.1724137931034483,0.1724137931034483,0.1724137931034483,0.1724137931034483,1,0.01791928894817829,0.055248014628887177,4.992461204528809,2.7119107246398926,1.3219329118728638,25.462947845458984,2,3
right arm,subject04,data/right arm/subject04/filtered/subject04_session03_relabeled_first_gesture_dropped_filtered.npz,subject04_session03_relabeled_first_gesture_dropped_filtered.npz,362556,17,3624,181.278,0.04850316420197487,0.03661274164915085,0.011684728786349297,0.1416725367307663,0.7548526525497437,17,17,0,0.0,0.153236743106262,0.11118091896074841,0.12254342346207774,0.1532980378035045,0.1532827141291939,0.1532214194319514,0.153236743106262,0.7522075055187638,0.0,1.0,0.2477924944812362,2378,0.6561810154525386,0.1724137931034483,0.13793103448275862,0.1724137931034483,0.1724137931034483,0.1724137931034483,0.1724137931034483,1,0.0467151515185833,0.05869061127305031,2.2449822425842285,2.130275249481201,0.27792736887931824,5.217509746551514,6,7
right arm,subject04,data/right arm/subject04/filtered/subject04_session04_relabeled_first_gesture_dropped_filtered.npz,subject04_session04_relabeled_first_gesture_dropped_filtered.npz,363096,17,3629,181.548,0.044411636888980865,0.03769242390990257,0.01075854804366827,0.14892321825027466,0.8487060070037842,17,17,0,0.0,0.15320980751112576,0.11144133034093433,0.12257090989866185,0.15310257136948213,0.15327108530635067,0.15322512695993198,0.15317916861351327,0.7508955635161202,0.0,1.0,0.24910443648387987,2377,0.6550013777900248,0.17248632730332353,0.1379890618426588,0.17206562894404712,0.17248632730332353,0.17248632730332353,0.17248632730332353,1,0.07143408060073853,0.06192406639456749,2.94205641746521,2.3101561069488525,0.06897636502981186,9.707267761230469,7,8
right arm,subject04,data/right arm/subject04/filtered/subject04_session05_relabeled_first_gesture_dropped_filtered.npz,subject04_session05_relabeled_first_gesture_dropped_filtered.npz,362610,17,3625,181.305,0.04447844624519348,0.03743790462613106,0.010371295735239983,0.16151012480258942,0.8417088985443115,17,17,0,0.0,0.15315308413076623,0.11143629858339144,0.122537790274511,0.15324502195015438,0.15316840710066426,0.15326034492005242,0.1531990530404603,0.7522758620689655,0.0,1.0,0.24772413793103448,2378,0.656,0.1724137931034483,0.13793103448275862,0.1724137931034483,0.1724137931034483,0.1724137931034483,0.1724137931034483,1,7.521438874391606e-06,0.0418129600584507,19844.314453125,6703.5537109375,1543.7435302734375,125580.0546875,0,0
right arm,subject05,data/right arm/subject05/filtered/subject05_session01_relabeled_first_gesture_dropped_filtered.npz,subject05_session01_relabeled_first_gesture_dropped_filtered.npz,362934,17,3628,181.467,0.011712934821844101,0.005972727667540312,0.003604260738939047,0.01791730336844921,0.5099257826805115,17,17,0,0.0,0.15324032575635693,0.11134094861599515,0.12259532510515066,0.1531943582553801,0.1531790357550545,0.15324032575635693,0.1532096807557057,0.7513781697905182,0.0,1.0,0.2486218302094818,2378,0.655457552370452,0.1724137931034483,0.13793103448275862,0.1724137931034483,0.1724137931034483,0.1724137931034483,0.1724137931034483,1,8.900111424736679e-06,0.018724843859672546,4634.17333984375,2190.78955078125,1175.2003173828125,24478.86328125,0,0
right arm,subject05,data/right arm/subject05/filtered/subject05_session02_relabeled_first_gesture_dropped_filtered.npz,subject05_session02_relabeled_first_gesture_dropped_filtered.npz,362718,17,3626,181.359,0.011699617840349674,0.005898752715438604,0.0037053676787763834,0.017690205946564674,0.5041833519935608,17,17,0,0.0,0.15320980751112576,0.1114260108921281,0.12254027100104939,0.15320980751112576,0.15320980751112576,0.15317916861351327,0.15322512695993198,0.7526199669056812,0.0,1.0,0.2473800330943188,2379,0.6560948703805847,0.1723413198823035,0.13787305590584278,0.1723413198823035,0.1723413198823035,0.17276166456494324,0.1723413198823035,1,1.0754396498668939e-05,0.018558451905846596,7956.02587890625,2000.4525146484375,475.95855712890625,93241.828125,0,0
right arm,subject05,data/right arm/subject05/filtered/subject05_session03_relabeled_first_gesture_dropped_filtered.npz,subject05_session03_relabeled_first_gesture_dropped_filtered.npz,363150,17,3630,181.575,0.01243522297590971,0.007570371497422457,0.003150611650198698,0.02100304700434208,0.608784556388855,17,17,0,0.0,0.15326850723738153,0.11133077400519528,0.12255656958077592,0.15320720596461385,0.15317655532823,0.15320720596461385,0.1532531819191896,0.7509641873278237,0.0,1.0,0.2490358126721763,2378,0.6550964187327823,0.1724137931034483,0.13793103448275862,0.17283431455004206,0.1724137931034483,0.1724137931034483,0.1719932716568545,1,9.542754014546517e-06,0.016810791566967964,4577.23828125,1765.5772705078125,685.29736328125,33814.375,0,0
right arm,subject05,data/right arm/subject05/filtered/subject05_session04_relabeled_first_gesture_dropped_filtered.npz,subject05_session04_relabeled_first_gesture_dropped_filtered.npz,362232,17,3621,181.116,0.020486654713749886,0.015639014542102814,0.0023153743240982294,0.0415470190346241,0.7633756995201111,17,17,0,0.0,0.15319337964416735,0.11149065230877633,0.12249649605183546,0.15323933306271875,0.15317806183798358,0.15317806183798358,0.15322401525653495,0.7528307097486882,0.0,1.0,0.2471692902513118,2378,0.6567246616956642,0.1724137931034483,0.13793103448275862,0.1724137931034483,0.1724137931034483,0.1724137931034483,0.1724137931034483,1,2.12767790799262e-05,0.028872136026620865,4697.75927734375,1377.55419921875,705.8602905273438,51267.62890625,0,0
right arm,subject06,data/right arm/subject06/filtered/subject06_session01_relabeled_first_gesture_dropped_filtered.npz,subject06_session01_relabeled_first_gesture_dropped_filtered.npz,362232,17,3621,181.116,0.018679210916161537,0.007297667209059,0.008445236831903458,0.03724297881126404,0.3906839191913605,17,17,0,0.0,0.15322512695993198,0.11153324703377172,0.12252495155224315,0.15317916861351327,0.15325576585754444,0.15314852971590082,0.1531332102670946,0.7544877105771887,0.0,1.0,0.2455122894228114,2381,0.6575531621099144,0.17219655606887863,0.1377572448551029,0.17261654766904663,0.1730365392692146,0.17219655606887863,0.17219655606887863,1,3.667151986519457e-06,0.03078901767730713,13063.189453125,9542.8759765625,4472.986328125,45417.0546875,0,0
right arm,subject06,data/right arm/subject06/filtered/subject06_session02_relabeled_first_gesture_dropped_filtered.npz,subject06_session02_relabeled_first_gesture_dropped_filtered.npz,362718,17,3626,181.359,0.013498221524059772,0.006676007527858019,0.005288219079375267,0.035969845950603485,0.49458423256874084,17,17,0,0.0,0.15322154385911155,0.11131198149268823,0.12259561983407766,0.15322154385911155,0.15320622323678787,0.1531909026144642,0.1532521851037589,0.7517926089354661,0.0,1.0,0.24820739106453393,2378,0.655819084390513,0.1724137931034483,0.13793103448275862,0.1724137931034483,0.1724137931034483,0.1724137931034483,0.1724137931034483,1,3.2688258215785027e-06,0.01888113096356392,41245.90625,5785.64501953125,2624.528564453125,290064.1875,0,0
right arm,subject06,data/right arm/subject06/filtered/subject06_session03_relabeled_first_gesture_dropped_filtered.npz,subject06_session03_relabeled_first_gesture_dropped_filtered.npz,363042,17,3629,181.521,0.013686570338904858,0.004161297343671322,0.00654209591448307,0.02278062514960766,0.30404236912727356,17,17,0,0.0,0.1531549819031387,0.11153794595836765,0.12256075374863555,0.15320094218579444,0.15308221145560044,0.15324690246845019,0.15321626228001303,0.7508955635161202,0.0,1.0,0.24910443648387987,2377,0.6550013777900248,0.17206562894404712,0.1379890618426588,0.17248632730332353,0.17248632730332353,0.17248632730332353,0.17248632730332353,1,0.009097844362258911,0.025837954133749008,3.50701642036438,1.5033586025238037,1.1336947679519653,13.07254409790039,8,9
right arm,subject06,data/right arm/subject06/filtered/subject06_session04_relabeled_first_gesture_dropped_filtered.npz,subject06_session04_relabeled_first_gesture_dropped_filtered.npz,362448,17,3623,181.224,0.015683120116591454,0.005133099388331175,0.007939603179693222,0.02763460762798786,0.32730090618133545,17,17,0,0.0,0.15324267381727638,0.11141926833939858,0.12259720360084275,0.15318138287684352,0.153074123731086,0.15322735108216817,0.1532579965523846,0.7524151255865305,0.0,1.0,0.2475848744134695,2378,0.6563621308308032,0.1724137931034483,0.13793103448275862,0.1724137931034483,0.1724137931034483,0.1724137931034483,0.1724137931034483,1,1.6281790522043593e-05,0.02545836754143238,13135.5087890625,997.3856201171875,818.922119140625,152769.453125,0,0
right arm,subject06,data/right arm/subject06/filtered/subject06_session05_relabeled_first_gesture_dropped_filtered.npz,subject06_session05_relabeled_first_gesture_dropped_filtered.npz,363312,17,3632,181.656,0.02112642675638199,0.015299398452043533,0.0075792474672198296,0.07803703844547272,0.7241829633712769,17,17,0,0.0,0.15314852971590082,0.1114719692385468,0.12260154879627432,0.15320980751112576,0.15317916861351327,0.15319448806231953,0.15319448806231953,0.7508259911894273,0.0,1.0,0.2491740088105727,2379,0.6550110132158591,0.1723413198823035,0.13787305590584278,0.17276166456494324,0.1723413198823035,0.1723413198823035,0.1723413198823035,1,9.800336556509137e-06,0.02921057492494583,4443.4482421875,2761.91943359375,1742.880126953125,19753.734375,0,0
right arm,subject06,data/right arm/subject06/filtered/subject06_session06_relabeled_first_gesture_dropped_filtered.npz,subject06_session06_relabeled_first_gesture_dropped_filtered.npz,362124,17,3620,181.062,0.019881529733538628,0.006743703503161669,0.008576106280088425,0.03477169945836067,0.3391943871974945,17,17,0,0.0,0.15322376738305943,0.11115197486878903,0.1225912730337509,0.15328506301957628,0.15325441520131786,0.15326973911044708,0.15322376738305943,0.7524861878453039,0.0,1.0,0.24751381215469614,2376,0.656353591160221,0.17255892255892255,0.13762626262626262,0.17255892255892255,0.17213804713804715,0.17255892255892255,0.17255892255892255,1,0.007447544950991869,0.03186136856675148,7.473212718963623,1.7833850383758545,1.3853226900100708,26.475746154785156,3,9
right arm,subject06,data/right arm/subject06/filtered/subject06_session07_relabeled_first_gesture_dropped_filtered.npz,subject06_session07_relabeled_first_gesture_dropped_filtered.npz,362772,17,3626,181.386,0.02098887227475643,0.01696126163005829,0.007033192552626133,0.08544620871543884,0.808107316493988,17,17,0,0.0,0.15319448806231953,0.11150260813615927,0.12254027100104939,0.15317916861351327,0.15317916861351327,0.15322512695993198,0.15317916861351327,0.7523441809156095,0.0,1.0,0.24765581908439052,2378,0.655819084390513,0.1724137931034483,0.13793103448275862,0.1724137931034483,0.1724137931034483,0.1724137931034483,0.1724137931034483,1,1.6220928955590352e-05,0.028363309800624847,2723.745849609375,2048.70166015625,621.5484008789062,7790.546875,0,0
right arm,subject06,data/right arm/subject06/filtered/subject06_session08_relabeled_first_gesture_dropped_filtered.npz,subject06_session08_relabeled_first_gesture_dropped_filtered.npz,362394,17,3622,181.197,0.01699982024729252,0.004051502328366041,0.01121780090034008,0.026049485430121422,0.23832619190216064,17,17,0,0.0,0.1531943582553801,0.11134094861599515,0.12254935760417385,0.1532096807557057,0.1531943582553801,0.15327097075700813,0.15324032575635693,0.7526228602981778,0.0,1.0,0.2473771397018222,2377,0.6562672556598564,0.17248632730332353,0.1379890618426588,0.17248632730332353,0.17248632730332353,0.17248632730332353,0.17206562894404712,1,0.009820186533033848,0.08468392491340637,10.314088821411133,7.245556354522705,6.564886093139648,17.556825637817383,0,0
right arm,subject07,data/right arm/subject07/filtered/subject07_session01_filtered.npz,subject07_session01_filtered.npz,363906,17,3638,181.953,0.05619814619421959,0.029657352715730667,0.01930377073585987,0.11307572573423386,0.5277283191680908,17,17,0,0.0,0.14808122398803264,0.11133492305641542,0.14809603507264837,0.14812565724187982,0.1481108461572641,0.14815527941111128,0.14809603507264837,0.7751511819681144,0.0,1.0,0.22484881803188564,2460,0.6761957119296317,0.16666666666666666,0.16666666666666666,0.16666666666666666,0.16666666666666666,0.16666666666666666,0.16666666666666666,1,1.5864561646594666e-05,0.08055629581212997,14926.953125,3990.748291015625,2011.8033447265625,122476.9921875,0,0
right arm,subject07,data/right arm/subject07/filtered/subject07_session02_filtered.npz,subject07_session02_filtered.npz,364284,17,3641,182.142,0.06393672525882721,0.031579215079545975,0.021326322108507156,0.13145147264003754,0.49391356110572815,17,17,0,0.0,0.14808561060505074,0.11138265570613938,0.1481152336517811,0.1481004221284159,0.14808561060505074,0.1481152336517811,0.1481152336517811,0.7753364460313101,0.0,1.0,0.22466355396868992,2460,0.6756385608349355,0.16666666666666666,0.16666666666666666,0.16666666666666666,0.16666666666666666,0.16666666666666666,0.16666666666666666,1,0.02813216671347618,0.11682384461164474,6.3364105224609375,3.6071386337280273,1.59018075466156,35.68869400024414,0,3
right arm,subject07,data/right arm/subject07/filtered/subject07_session03_filtered.npz,subject07_session03_filtered.npz,364068,17,3639,182.034,0.05783820152282715,0.02653667703270912,0.020129676908254623,0.12479636818170547,0.4588088095188141,17,17,0,0.0,0.1481212695685659,0.11133162517217376,0.1481508908603504,0.1481212695685659,0.14807683763088908,0.14809164827678134,0.14810645892267363,0.7746633690574334,0.0,1.0,0.22533663094256665,2459,0.6757350920582578,0.16673444489629932,0.16673444489629932,0.16673444489629932,0.16632777551850345,0.16673444489629932,0.16673444489629932,1,0.04376453906297684,0.19950999319553375,13.816585540771484,5.0229878425598145,0.9516356587409973,136.66026306152344,1,3
right arm,subject07,data/right arm/subject07/filtered/subject07_session04_filtered.npz,subject07_session04_filtered.npz,363960,17,3638,181.98,0.05400741472840309,0.023091426119208336,0.01930239051580429,0.11112181097269058,0.42756029963493347,17,17,0,0.0,0.14814046832649555,0.11134973414103115,0.1480516018188012,0.14809603507264837,0.14809603507264837,0.14803679073418546,0.1482293348341899,0.7757009345794392,0.0,1.0,0.22429906542056074,2460,0.6761957119296317,0.16666666666666666,0.16666666666666666,0.16666666666666666,0.16666666666666666,0.16666666666666666,0.16666666666666666,1,0.0701453909277916,0.2293703556060791,10.576339721679688,3.652556896209717,0.662947416305542,103.80644989013672,2,3
right arm,subject07,data/right arm/subject07/filtered/subject07_session05_filtered.npz,subject07_session05_filtered.npz,364338,17,3642,182.169,0.053177669644355774,0.023790329694747925,0.019609197974205017,0.09418398886919022,0.4473744332790375,17,17,0,0.0,0.14808945497630333,0.11140402843601896,0.14813388625592416,0.14808945497630333,0.14807464454976305,0.14805983412322274,0.14814869668246444,0.7740252608456892,0.0,1.0,0.22597473915431082,2459,0.6751784733662822,0.16673444489629932,0.16673444489629932,0.16673444489629932,0.16632777551850345,0.16673444489629932,0.16673444489629932,1,0.06645476818084717,0.20227013528347015,10.169145584106445,3.2467119693756104,0.730703592300415,90.1137924194336,1,2
right arm,subject07,data/right arm/subject07/filtered/subject07_session06_filtered.npz,subject07_session06_filtered.npz,364176,17,3640,182.088,0.05574823170900345,0.03001672402024269,0.01950763165950775,0.132980078458786,0.5384336709976196,17,17,0,0.0,0.14810919701974493,0.111255943475878,0.148124009420687,0.14810919701974493,0.14815363422257113,0.148124009420687,0.148124009420687,0.775,0.0,1.0,0.225,2461,0.6760989010989011,0.16659894351889476,0.16659894351889476,0.16659894351889476,0.1670052824055262,0.16659894351889476,0.16659894351889476,1,0.08526653796434402,0.2193984091281891,10.035697937011719,3.1002964973449707,0.3909193277359009,95.91409301757812,4,4
right arm,subject07,data/right arm/subject07/filtered/subject07_session07_filtered.npz,subject07_session07_filtered.npz,363852,17,3637,181.926,0.055469632148742676,0.028446780517697334,0.01956930384039879,0.11268981546163559,0.5128352046012878,17,17,0,0.0,0.14814266248000474,0.11120327033592037,0.1480537946560815,0.14814266248000474,0.14809822856804314,0.14821671899994077,0.14814266248000474,0.7753643112455321,0.0,1.0,0.22463568875446796,2460,0.6763816332141875,0.16666666666666666,0.16666666666666666,0.16666666666666666,0.16666666666666666,0.16666666666666666,0.16666666666666666,1,0.060883697122335434,0.1826089471578598,11.649116516113281,4.2728590965271,0.3948522210121155,106.968505859375,3,4
right arm,subject07,data/right arm/subject07/filtered/subject07_session08_filtered.npz,subject07_session08_filtered.npz,364392,17,3642,182.196,0.054229795932769775,0.02613823674619198,0.019757773727178574,0.11637447774410248,0.4819903075695038,17,17,0,0.0,0.14810207194798655,0.11138756831208069,0.14814650256957096,0.14805764132640215,0.14811688215518135,0.14807245153359697,0.14811688215518135,0.7748489840746843,0.0,1.0,0.22515101592531575,2461,0.6757276221856123,0.16659894351889476,0.16659894351889476,0.16659894351889476,0.16659894351889476,0.16659894351889476,0.1670052824055262,1,0.039518989622592926,0.21622447669506073,15.15495777130127,5.555706977844238,1.6080819368362427,144.37857055664062,0,2
right arm,subject08,data/right arm/subject08/filtered/subject08_session01_filtered.npz,subject08_session01_filtered.npz,366768,17,3666,183.384,0.01972825825214386,0.010257048532366753,0.005353275220841169,0.039163269102573395,0.5199165940284729,17,17,0,0.0,0.14812290734540282,0.11129218643515364,0.14809327683783224,0.14812290734540282,0.14812290734540282,0.14816735310675871,0.14807846158404694,0.7695035460992907,0.0,1.0,0.23049645390070922,2461,0.671303873431533,0.16659894351889476,0.16659894351889476,0.16659894351889476,0.1670052824055262,0.16659894351889476,0.16659894351889476,1,0.0177218709141016,0.054219868034124374,2.891293525695801,2.758495569229126,1.6780985593795776,5.110365390777588,0,2
right arm,subject08,data/right arm/subject08/filtered/subject08_session02_filtered.npz,subject08_session02_filtered.npz,360288,17,3601,180.144,0.02288004755973816,0.014019452966749668,0.0018382937414571643,0.05301253870129585,0.6127370595932007,17,17,0,0.0,0.1481152336517811,0.11130859808931348,0.1481152336517811,0.1481152336517811,0.1481152336517811,0.1481152336517811,0.1481152336517811,0.7831158011663427,0.0,1.0,0.2168841988336573,2460,0.6831435712302139,0.16666666666666666,0.16666666666666666,0.16666666666666666,0.16666666666666666,0.16666666666666666,0.16666666666666666,1,0.01653931476175785,0.07917006313800812,4.3329901695251465,5.269923686981201,0.2501200735569,5.822937488555908,2,2
right arm,subject08,data/right arm/subject08/filtered/subject08_session03_filtered.npz,subject08_session03_filtered.npz,360288,17,3601,180.144,0.020559772849082947,0.012743841856718063,0.0018185798544436693,0.04764508828520775,0.6198435425758362,17,17,0,0.0,0.1481108461572641,0.11133492305641542,0.1481108461572641,0.1481108461572641,0.1481108461572641,0.1481108461572641,0.1481108461572641,0.7831158011663427,0.0,1.0,0.2168841988336573,2460,0.6831435712302139,0.16666666666666666,0.16666666666666666,0.16666666666666666,0.16666666666666666,0.16666666666666666,0.16666666666666666,1,0.013429523445665836,0.08768382668495178,5.8929266929626465,6.40255880355835,1.002113938331604,11.080986976623535,2,2
right arm,subject08,data/right arm/subject08/filtered/subject08_session04_filtered.npz,subject08_session04_filtered.npz,360342,17,3602,180.171,0.020129185169935226,0.011775362305343151,0.0018162322230637074,0.0436021089553833,0.5849894881248474,17,17,0,0.0,0.1481152336517811,0.11130859808931348,0.1481152336517811,0.1481152336517811,0.1481152336517811,0.1481152336517811,0.1481152336517811,0.7828983897834536,0.0,1.0,0.21710161021654636,2460,0.6829539144919489,0.16666666666666666,0.16666666666666666,0.16666666666666666,0.16666666666666666,0.16666666666666666,0.16666666666666666,1,0.015410449355840683,0.06218694895505905,3.8377294540405273,4.107782363891602,1.0228532552719116,7.286984920501709,2,3
right arm,subject08,data/right arm/subject08/filtered/subject08_session05_filtered.npz,subject08_session05_filtered.npz,360342,17,3602,180.171,0.01845993660390377,0.011707148514688015,0.0018330627353861928,0.044575825333595276,0.6341922283172607,17,17,0,0.0,0.14811962140624768,0.11128227156251388,0.14811962140624768,0.14811962140624768,0.14811962140624768,0.14811962140624768,0.14811962140624768,0.7828983897834536,0.0,1.0,0.21710161021654636,2460,0.6829539144919489,0.16666666666666666,0.16666666666666666,0.16666666666666666,0.16666666666666666,0.16666666666666666,0.16666666666666666,1,0.013700968585908413,0.03632022440433502,2.6960813999176025,2.6898438930511475,1.0020140409469604,4.664587497711182,2,2
right arm,subject08,data/right arm/subject08/filtered/subject08_session06_filtered.npz,subject08_session06_filtered.npz,360342,17,3602,180.171,0.018037350848317146,0.010712618939578533,0.0018321623792871833,0.04084372892975807,0.5939130783081055,17,17,0,0.0,0.1481152336517811,0.11130859808931348,0.1481152336517811,0.1481152336517811,0.1481152336517811,0.1481152336517811,0.1481152336517811,0.7828983897834536,0.0,1.0,0.21710161021654636,2460,0.6829539144919489,0.16666666666666666,0.16666666666666666,0.16666666666666666,0.16666666666666666,0.16666666666666666,0.16666666666666666,1,0.013092885725200176,0.06957852095365524,4.83609676361084,5.466012477874756,1.0142998695373535,6.489815711975098,2,2
right arm,subject08,data/right arm/subject08/filtered/subject08_session07_filtered.npz,subject08_session07_filtered.npz,360450,17,3603,180.225,0.017598971724510193,0.011122162453830242,0.0018324850825592875,0.04237451031804085,0.6319779753684998,17,17,0,0.0,0.1481152336517811,0.11130859808931348,0.1481152336517811,0.1481152336517811,0.1481152336517811,0.1481152336517811,0.1481152336517811,0.7826810990840966,0.0,1.0,0.21731890091590342,2460,0.6827643630308077,0.16666666666666666,0.16666666666666666,0.16666666666666666,0.16666666666666666,0.16666666666666666,0.16666666666666666,1,0.020050877705216408,0.04035273939371109,2.092008590698242,2.453984260559082,0.8136140704154968,3.2724239826202393,6,7
right arm,subject09,data/right arm/subject09/filtered/subject09_session01_filtered.npz,subject09_session01_filtered.npz,364824,17,3647,182.412,0.023493513464927673,0.014397512190043926,0.010622801259160042,0.0695091187953949,0.6128292679786682,17,17,0,0.0,0.148124009420687,0.11140406748529869,0.14806475981691872,0.14809438461880287,0.14804994741597666,0.14815363422257113,0.14810919701974493,0.7735124760076776,0.0,1.0,0.22648752399232247,2459,0.674252810529202,0.16673444489629932,0.16673444489629932,0.16673444489629932,0.16632777551850345,0.16673444489629932,0.16673444489629932,1,0.013171158730983734,0.039479874074459076,4.284272193908691,2.2943973541259766,2.0238492488861084,11.162286758422852,0,0
right arm,subject09,data/right arm/subject09/filtered/subject09_session02_filtered.npz,subject09_session02_filtered.npz,365148,17,3650,182.574,0.023130252957344055,0.009659956209361553,0.010667778551578522,0.05231853947043419,0.41763296723365784,17,17,0,0.0,0.14804665802629144,0.11129790779485281,0.14810590631364562,0.14814663951120163,0.14812071838548416,0.14817626365487874,0.14810590631364562,0.7726027397260274,0.0,1.0,0.2273972602739726,2460,0.673972602739726,0.16666666666666666,0.16666666666666666,0.16666666666666666,0.16666666666666666,0.16666666666666666,0.16666666666666666,1,0.013912872411310673,0.04692300409078598,4.330290794372559,3.3105483055114746,2.447159767150879,13.923699378967285,0,0
right arm,subject09,data/right arm/subject09/filtered/subject09_session03_filtered.npz,subject09_session03_filtered.npz,365256,17,3651,182.628,0.02780764177441597,0.017752161249518394,0.0113155422732234,0.08612564206123352,0.6383914947509766,17,17,0,0.0,0.14810645892267363,0.1113612464639583,0.14807683763088908,0.14806202698499682,0.1481508908603504,0.14813608021445815,0.14810645892267363,0.7721172281566694,0.0,1.0,0.22788277184333058,2459,0.673514105724459,0.16673444489629932,0.16673444489629932,0.16673444489629932,0.16673444489629932,0.16673444489629932,0.16632777551850345,1,0.01442308072000742,0.04339279979467392,3.484525203704834,3.0433177947998047,2.0556135177612305,4.991702079772949,0,0
right arm,subject09,data/right arm/subject09/filtered/subject09_session04_filtered.npz,subject09_session04_filtered.npz,365418,17,3653,182.709,0.0266270712018013,0.01167844608426094,0.011640042066574097,0.05717999488115311,0.43859297037124634,17,17,0,0.0,0.14807683763088908,0.11143529969341963,0.1481212695685659,0.14810645892267363,0.14807683763088908,0.1481212695685659,0.14806202698499682,0.7719682452778538,0.0,1.0,0.22803175472214618,2460,0.6734191075828087,0.16666666666666666,0.16666666666666666,0.16666666666666666,0.16666666666666666,0.16666666666666666,0.16666666666666666,1,0.017272798344492912,0.05489804223179817,5.71954870223999,3.0223464965820312,2.193948268890381,27.51757049560547,0,0
right arm,subject09,data/right arm/subject09/filtered/subject09_session05_filtered.npz,subject09_session05_filtered.npz,365256,17,3651,182.628,0.026020720601081848,0.011422756128013134,0.011014667339622974,0.05860066041350365,0.4389869272708893,17,17,0,0.0,0.1480088266220399,0.11148793744353776,0.14812730477022645,0.1481717340757964,0.14805325592760984,0.14808287546465648,0.14806806569613318,0.7729389208436045,0.0,1.0,0.2270610791563955,2459,0.673514105724459,0.16673444489629932,0.16673444489629932,0.16673444489629932,0.16673444489629932,0.16673444489629932,0.16632777551850345,1,0.016230052337050438,0.05394785478711128,5.085880279541016,3.0878992080688477,2.1882457733154297,11.666935920715332,0,0
right arm,subject09,data/right arm/subject09/filtered/subject09_session06_filtered.npz,subject09_session06_filtered.npz,364500,17,3644,182.25,0.02549881301820278,0.010961292311549187,0.010549421422183514,0.057631541043519974,0.42987459897994995,17,17,0,0.0,0.14809330426058853,0.1112661822031859,0.14812291995987073,0.14812291995987073,0.14812291995987073,0.14819325724566593,0.14807849641094745,0.7738748627881449,0.0,1.0,0.2261251372118551,2461,0.6753567508232712,0.16659894351889476,0.16659894351889476,0.16659894351889476,0.16659894351889476,0.1670052824055262,0.16659894351889476,1,0.017660191282629967,0.0662107765674591,5.138532638549805,3.8715245723724365,1.7962948083877563,10.505451202392578,0,1
right arm,subject10,data/right arm/subject10/filtered/subject10_session01_filtered.npz,subject10_session01_filtered.npz,364716,17,3646,182.358,0.06434272974729538,0.04587802663445473,0.01281746570020914,0.20248696208000183,0.7130258083343506,17,17,0,0.0,0.14808122398803264,0.11146822281795696,0.14809603507264837,0.1480664129034169,0.14808122398803264,0.1481108461572641,0.14809603507264837,0.773450356555129,0.0,1.0,0.22654964344487108,2460,0.6747120131651124,0.16666666666666666,0.16666666666666666,0.16666666666666666,0.16666666666666666,0.16666666666666666,0.16666666666666666,1,0.07033558189868927,0.18529322743415833,7.71605920791626,8.57913589477539,0.07510048896074295,17.893335342407227,4,5
right arm,subject10,data/right arm/subject10/filtered/subject10_session02_filtered.npz,subject10_session02_filtered.npz,364662,17,3645,182.331,0.03912337124347687,0.018527669832110405,0.005343942902982235,0.08051374554634094,0.4735703766345978,17,17,0,0.0,0.1480571022390712,0.11159815187773961,0.1480719109110295,0.1480571022390712,0.1480274848951546,0.1480719109110295,0.1481163369269044,0.7736625514403292,0.0,1.0,0.22633744855967078,2460,0.6748971193415638,0.16666666666666666,0.16666666666666666,0.16666666666666666,0.16666666666666666,0.16666666666666666,0.16666666666666666,1,0.03233412280678749,0.15815773606300354,11.518714904785156,13.24292278289795,0.9328182935714722,27.580495834350586,4,4
right arm,subject10,data/right arm/subject10/filtered/subject10_session03_filtered.npz,subject10_session03_filtered.npz,360288,17,3601,180.144,0.07892774045467377,0.08851933479309082,0.020423660054802895,0.3359108865261078,1.1215237379074097,17,17,0,0.0,0.14808834639370733,0.11124772245841172,0.14813278622957618,0.14813278622957618,0.14813278622957618,0.14813278622957618,0.14813278622957618,0.7831158011663427,0.0,1.0,0.2168841988336573,2460,0.6831435712302139,0.16666666666666666,0.16666666666666666,0.16666666666666666,0.16666666666666666,0.16666666666666666,0.16666666666666666,1,0.02402077242732048,0.18354472517967224,11.491418838500977,12.452349662780762,1.4588278532028198,20.222543716430664,1,2
right arm,subject10,data/right arm/subject10/filtered/subject10_session04_filtered.npz,subject10_session04_filtered.npz,360612,17,3605,180.306,0.07455138862133026,0.07564301788806915,0.016184808686375618,0.28746819496154785,1.014642596244812,17,17,0,0.0,0.14820354847309025,0.11129705873641184,0.14809987855809958,0.14809987855809958,0.14809987855809958,0.14809987855809958,0.14809987855809958,0.782246879334258,0.0,1.0,0.217753120665742,2460,0.6823855755894591,0.16666666666666666,0.16666666666666666,0.16666666666666666,0.16666666666666666,0.16666666666666666,0.16666666666666666,1,0.06599611043930054,0.1514323353767395,7.461034297943115,7.116942405700684,0.8109486103057861,25.299545288085938,3,3
right arm,subject10,data/right arm/subject10/filtered/subject10_session05_filtered.npz,subject10_session05_filtered.npz,360234,17,3601,180.117,0.06367295980453491,0.060561634600162506,0.0070395995862782,0.24399305880069733,0.9511358737945557,17,17,0,0.0,0.1481152336517811,0.11130859808931348,0.1481152336517811,0.1481152336517811,0.1481152336517811,0.1481152336517811,0.1481152336517811,0.7831158011663427,0.0,1.0,0.2168841988336573,2460,0.6831435712302139,0.16666666666666666,0.16666666666666666,0.16666666666666666,0.16666666666666666,0.16666666666666666,0.16666666666666666,1,0.06911807507276535,0.16064421832561493,8.28885555267334,9.847173690795898,0.39552295207977295,18.158260345458984,4,4
right arm,subject10,data/right arm/subject10/filtered/subject10_session06_filtered.npz,subject10_session06_filtered.npz,360288,17,3601,180.144,0.07518993318080902,0.08485450595617294,0.013656594790518284,0.29976600408554077,1.128535509109497,17,17,0,0.0,0.14811742749651924,0.11129543502088456,0.14811742749651924,0.14811742749651924,0.14811742749651924,0.14811742749651924,0.14811742749651924,0.7831158011663427,0.0,1.0,0.2168841988336573,2460,0.6831435712302139,0.16666666666666666,0.16666666666666666,0.16666666666666666,0.16666666666666666,0.16666666666666666,0.16666666666666666,1,0.04333174601197243,0.17059342563152313,11.963459968566895,15.33549690246582,0.6693074703216553,21.53996467590332,3,4
right arm,subject10,data/right arm/subject10/filtered/subject10_session07_filtered.npz,subject10_session07_filtered.npz,360396,17,3602,180.198,0.09683746844530106,0.10558035969734192,0.024246474727988243,0.3719007968902588,1.0902842283248901,17,17,0,0.0,0.1481218153809693,0.11131354425879844,0.1481218153809693,0.1481218153809693,0.1481218153809693,0.1481218153809693,0.14807737883635502,0.7828983897834536,0.0,1.0,0.21710161021654636,2460,0.6829539144919489,0.16666666666666666,0.16666666666666666,0.16666666666666666,0.16666666666666666,0.16666666666666666,0.16666666666666666,1,0.032752424478530884,0.1796383261680603,9.35688304901123,10.63582706451416,1.5217732191085815,15.205462455749512,0,2
right arm,subject10,data/right arm/subject10/filtered/subject10_session08_filtered.npz,subject10_session08_filtered.npz,360234,17,3601,180.117,0.1520700752735138,0.18366463482379913,0.026602432131767273,0.6940336227416992,1.2077631950378418,17,17,0,0.0,0.14812620352540365,0.11124277884757813,0.14812620352540365,0.14812620352540365,0.14812620352540365,0.14812620352540365,0.14812620352540365,0.7831158011663427,0.0,1.0,0.2168841988336573,2460,0.6831435712302139,0.16666666666666666,0.16666666666666666,0.16666666666666666,0.16666666666666666,0.16666666666666666,0.16666666666666666,1,0.038408517837524414,0.13755103945732117,7.883899688720703,8.88382625579834,0.7341459393501282,15.551465034484863,3,3
right arm,subject11,data/right arm/subject11/filtered/subject11_session01_filtered.npz,subject11_session01_filtered.npz,365580,17,3654,182.79,0.028195057064294815,0.015457170084118843,0.005436970852315426,0.0440550334751606,0.5482227206230164,17,17,0,0.0,0.14816789399442426,0.11130733545848004,0.14806422830147464,0.14804941891676757,0.1481086564555959,0.14815308460971718,0.1481493822635404,0.7720306513409961,0.0,1.0,0.22796934865900384,2461,0.6735084838533114,0.1670052824055262,0.16659894351889476,0.16659894351889476,0.16659894351889476,0.16659894351889476,0.16659894351889476,1,0.01229784544557333,0.09836965799331665,8.390748977661133,7.967492580413818,2.8859663009643555,21.266021728515625,0,0
right arm,subject11,data/right arm/subject11/filtered/subject11_session02_filtered.npz,subject11_session02_filtered.npz,365850,17,3657,182.925,0.02659900300204754,0.014885061420500278,0.005196052603423595,0.04221781715750694,0.5596097707748413,17,17,0,0.0,0.14813608503834425,0.11152399846030853,0.14804725668433363,0.1480768661356705,0.14806206141000208,0.1480768661356705,0.1480768661356705,0.7713973202078206,0.0,1.0,0.22860267979217938,2460,0.6726825266611977,0.16666666666666666,0.16666666666666666,0.16666666666666666,0.16666666666666666,0.16666666666666666,0.16666666666666666,1,0.012309112586081028,0.08718118071556091,6.812467575073242,7.134714603424072,2.2601051330566406,16.17931365966797,0,0
right arm,subject11,data/right arm/subject11/filtered/subject11_session03_filtered.npz,subject11_session03_filtered.npz,360234,17,3601,180.117,0.027085432782769203,0.015777993947267532,0.004907218739390373,0.0437164381146431,0.5825269222259521,17,17,0,0.0,0.14811962140624768,0.11128227156251388,0.14811962140624768,0.14811962140624768,0.14811962140624768,0.14811962140624768,0.14811962140624768,0.7831158011663427,0.0,1.0,0.2168841988336573,2460,0.6831435712302139,0.16666666666666666,0.16666666666666666,0.16666666666666666,0.16666666666666666,0.16666666666666666,0.16666666666666666,1,0.011281038634479046,0.07233043760061264,6.793154716491699,6.405185699462891,2.9387264251708984,17.48537826538086,0,0
right arm,subject11,data/right arm/subject11/filtered/subject11_session04_filtered.npz,subject11_session04_filtered.npz,360234,17,3601,180.117,0.026273883879184723,0.01549660973250866,0.004336138255894184,0.04254372417926788,0.5898103713989258,17,17,0,0.0,0.14812620352540365,0.11124277884757813,0.14812620352540365,0.14812620352540365,0.14812620352540365,0.14812620352540365,0.14812620352540365,0.7831158011663427,0.0,1.0,0.2168841988336573,2460,0.6831435712302139,0.16666666666666666,0.16666666666666666,0.16666666666666666,0.16666666666666666,0.16666666666666666,0.16666666666666666,1,0.010178335011005402,0.09781996160745621,11.01708984375,9.267446517944336,8.242650985717773,26.95285987854004,0,0
right arm,subject11,data/right arm/subject11/filtered/subject11_session05_filtered.npz,subject11_session05_filtered.npz,360234,17,3601,180.117,0.02638523280620575,0.015326712280511856,0.005451027769595385,0.04301559552550316,0.58088219165802,17,17,0,0.0,0.1481152336517811,0.11130859808931348,0.1481152336517811,0.1481152336517811,0.1481152336517811,0.1481152336517811,0.1481152336517811,0.7831158011663427,0.0,1.0,0.2168841988336573,2460,0.6831435712302139,0.16666666666666666,0.16666666666666666,0.16666666666666666,0.16666666666666666,0.16666666666666666,0.16666666666666666,1,0.013977467082440853,0.0749882161617279,6.192529201507568,5.203096866607666,4.132757663726807,20.438600540161133,0,0
right arm,subject11,data/right arm/subject11/filtered/subject11_session06_filtered.npz,subject11_session06_filtered.npz,360234,17,3601,180.117,0.021106824278831482,0.011534638702869415,0.004723580088466406,0.033514879643917084,0.5464885830879211,17,17,0,0.0,0.1481218153809693,0.11131354425879844,0.1481218153809693,0.1481218153809693,0.1481218153809693,0.1481218153809693,0.14807737883635502,0.7831158011663427,0.0,1.0,0.2168841988336573,2460,0.6831435712302139,0.16666666666666666,0.16666666666666666,0.16666666666666666,0.16666666666666666,0.16666666666666666,0.16666666666666666,1,0.011839565820991993,0.08845564723014832,8.117059707641602,7.244377613067627,1.776310682296753,27.11823272705078,0,1
right arm,subject11,data/right arm/subject11/filtered/subject11_session07_filtered.npz,subject11_session07_filtered.npz,360234,17,3601,180.117,0.0209591556340456,0.011375593952834606,0.004687235690653324,0.03312177583575249,0.5427505970001221,17,17,0,0.0,0.1481152336517811,0.11130859808931348,0.1481152336517811,0.1481152336517811,0.1481152336517811,0.1481152336517811,0.1481152336517811,0.7831158011663427,0.0,1.0,0.2168841988336573,2460,0.6831435712302139,0.16666666666666666,0.16666666666666666,0.16666666666666666,0.16666666666666666,0.16666666666666666,0.16666666666666666,1,0.009965680539608002,0.05136733502149582,5.785645484924316,5.152808666229248,1.9490337371826172,15.428271293640137,0,1
right arm,subject12,data/right arm/subject12/filtered/subject12_session01_filtered.npz,subject12_session01_filtered.npz,365256,17,3651,182.628,0.0338512547314167,0.017867082729935646,0.007826793007552624,0.06905998289585114,0.5278115272521973,17,17,0,0.0,0.14817283621443067,0.11114073679065013,0.14817283621443067,0.14812839769512212,0.14815802337466116,0.1480691463360441,0.14815802337466116,0.7718433305943577,0.0,1.0,0.22815666940564228,2459,0.673514105724459,0.16673444489629932,0.16632777551850345,0.16673444489629932,0.16673444489629932,0.16673444489629932,0.16673444489629932,1,0.037439845502376556,0.16384238004684448,7.350225925445557,3.255098819732666,2.605473041534424,35.37950134277344,0,0
right arm,subject12,data/right arm/subject12/filtered/subject12_session02_filtered.npz,subject12_session02_filtered.npz,365526,17,3654,182.763,0.03804170712828636,0.014523823745548725,0.010495803318917751,0.07221400737762451,0.38178685307502747,17,17,0,0.0,0.14810096581145937,0.11124607453931386,0.14814540498903833,0.14813059192984535,0.1480861527522664,0.1480861527522664,0.14820465722581028,0.7728516694033936,0.0,1.0,0.22714833059660647,2461,0.6735084838533114,0.16659894351889476,0.16659894351889476,0.16659894351889476,0.16659894351889476,0.16659894351889476,0.1670052824055262,1,0.02361692488193512,0.13738882541656494,10.032330513000488,4.498898506164551,3.822786331176758,50.22685623168945,0,0
right arm,subject12,data/right arm/subject12/filtered/subject12_session03_filtered.npz,subject12_session03_filtered.npz,360396,17,3602,180.198,0.027655355632305145,0.0202191099524498,0.007058979943394661,0.10078451037406921,0.7311100959777832,17,17,0,0.0,0.14810700731278348,0.11130241599555679,0.14810700731278348,0.14810700731278348,0.1481625474405258,0.14810700731278348,0.14810700731278348,0.7828983897834536,0.0,1.0,0.21710161021654636,2460,0.6829539144919489,0.16666666666666666,0.16666666666666666,0.16666666666666666,0.16666666666666666,0.16666666666666666,0.16666666666666666,1,0.021010667085647583,0.10800252854824066,6.536257743835449,4.284071922302246,2.228283166885376,32.2554817199707,0,0
right arm,subject12,data/right arm/subject12/filtered/subject12_session04_filtered.npz,subject12_session04_filtered.npz,360180,17,3600,180.09,0.026645440608263016,0.024098074063658714,0.006364481523633003,0.11638466268777847,0.9043976664543152,17,17,0,0.0,0.1481152336517811,0.11130859808931348,0.1481152336517811,0.1481152336517811,0.1481152336517811,0.1481152336517811,0.1481152336517811,0.7833333333333333,0.0,1.0,0.21666666666666667,2460,0.6833333333333333,0.16666666666666666,0.16666666666666666,0.16666666666666666,0.16666666666666666,0.16666666666666666,0.16666666666666666,1,0.018290897831320763,0.10711676627397537,7.566606521606445,5.657658100128174,4.352596282958984,31.238874435424805,0,0
right arm,subject12,data/right arm/subject12/filtered/subject12_session05_filtered.npz,subject12_session05_filtered.npz,360450,17,3603,180.225,0.024835800752043724,0.010396852158010006,0.006090410519391298,0.04983513802289963,0.41862359642982483,17,17,0,0.0,0.1481152336517811,0.11130859808931348,0.1481152336517811,0.1481152336517811,0.1481152336517811,0.1481152336517811,0.1481152336517811,0.7826810990840966,0.0,1.0,0.21731890091590342,2460,0.6827643630308077,0.16666666666666666,0.16666666666666666,0.16666666666666666,0.16666666666666666,0.16666666666666666,0.16666666666666666,1,0.019763043150305748,0.09767991304397583,5.860867977142334,5.109151840209961,1.298353910446167,19.903873443603516,1,1
right arm,subject12,data/right arm/subject12/filtered/subject12_session06_filtered.npz,subject12_session06_filtered.npz,360234,17,3601,180.117,0.026078399270772934,0.021710919216275215,0.006384217645972967,0.10735522210597992,0.8325250148773193,17,17,0,0.0,0.1481152336517811,0.11130859808931348,0.1481152336517811,0.1481152336517811,0.1481152336517811,0.1481152336517811,0.1481152336517811,0.7831158011663427,0.0,1.0,0.2168841988336573,2460,0.6831435712302139,0.16666666666666666,0.16666666666666666,0.16666666666666666,0.16666666666666666,0.16666666666666666,0.16666666666666666,1,0.020723525434732437,0.10051807016134262,5.335630416870117,4.275827407836914,3.692232131958008,12.63554573059082,0,0
right arm,subject12,data/right arm/subject12/filtered/subject12_session07_filtered.npz,subject12_session07_filtered.npz,360450,17,3603,180.225,0.02355530671775341,0.015161195769906044,0.005872082896530628,0.07371354103088379,0.6436424851417542,17,17,0,0.0,0.1481152336517811,0.11130859808931348,0.1481152336517811,0.1481152336517811,0.1481152336517811,0.1481152336517811,0.1481152336517811,0.7826810990840966,0.0,1.0,0.21731890091590342,2460,0.6827643630308077,0.16666666666666666,0.16666666666666666,0.16666666666666666,0.16666666666666666,0.16666666666666666,0.16666666666666666,1,0.021622562780976295,0.11287739872932434,6.33806037902832,4.878322601318359,3.817624807357788,23.48394775390625,0,0
left arm,Matthew,data/left arm/Matthew/filtered/Matthew_session01_filtered.npz,Matthew_session01_filtered.npz,366012,16,3659,183.006,0.07756463438272476,0.03490673378109932,0.021692749112844467,0.14366032183170319,0.45003414154052734,16,16,0,0.0,0.1480987720155831,0.11133330370765379,0.1480987720155831,0.14811358485535261,0.14811358485535261,0.1480691463360441,0.14817283621443067,0.7707023776988248,0.0,1.0,0.22929762230117517,2461,0.6725881388357474,0.16659894351889476,0.16659894351889476,0.16659894351889476,0.16659894351889476,0.16619260463226332,0.16741162129215767,1,0.07629214227199554,0.21248838305473328,3.639456272125244,3.0612871646881104,0.7150937914848328,11.027270317077637,2,5
left arm,Matthew,data/left arm/Matthew/filtered/Matthew_session02_filtered.npz,Matthew_session02_filtered.npz,365472,16,3653,182.736,0.06719271838665009,0.03502862900495529,0.01765177771449089,0.1252375841140747,0.52131587266922,16,16,0,0.0,0.14806256665481693,0.11143204171110321,0.1481810641071217,0.14807737883635502,0.1481218153809693,0.14809219101789312,0.14803294229174072,0.7719682452778538,0.0,1.0,0.22803175472214618,2459,0.6731453599781002,0.16673444489629932,0.16673444489629932,0.16632777551850345,0.16673444489629932,0.16673444489629932,0.16673444489629932,1,0.04010608792304993,0.1570831835269928,6.960230827331543,5.139019012451172,1.586539387702942,27.574260711669922,0,1
left arm,Matthew,data/left arm/Matthew/filtered/Matthew_session03_filtered.npz,Matthew_session03_filtered.npz,365904,16,3658,182.952,0.06880182772874832,0.03478863090276718,0.019441306591033936,0.13130459189414978,0.5056352615356445,16,16,0,0.0,0.14809000329533212,0.11140444092284109,0.14811962425808745,0.14810481377670978,0.14807519281395443,0.14816035308187606,0.1480455718511991,0.7706396938217606,0.0,1.0,0.22936030617823946,2459,0.6722252597047567,0.16673444489629932,0.16673444489629932,0.16673444489629932,0.16673444489629932,0.16673444489629932,0.16632777551850345,1,0.06209104508161545,0.1398964375257492,2.2328028678894043,2.1799440383911133,0.7290584444999695,3.7084712982177734,5,6
left arm,Matthew,data/left arm/Matthew/filtered/Matthew_session04_filtered.npz,Matthew_session04_filtered.npz,365310,16,3652,182.655,0.05067799985408783,0.023885028436779976,0.01896650530397892,0.10125580430030823,0.4713096022605896,16,16,0,0.0,0.14810096581145937,0.11123126148012087,0.14813059192984535,0.14814540498903833,0.14810096581145937,0.14814540498903833,0.14814540498903833,0.7719058050383352,0.0,1.0,0.22809419496166483,2460,0.6736035049288062,0.16666666666666666,0.16666666666666666,0.16666666666666666,0.16666666666666666,0.16666666666666666,0.16666666666666666,1,0.028005361557006836,0.1437729001045227,11.133613586425781,6.274970531463623,1.6881632804870605,47.27163314819336,0,1
left arm,Matthew,data/left arm/Matthew/filtered/Matthew_session05_filtered.npz,Matthew_session05_filtered.npz,366012,16,3659,183.006,0.048024632036685944,0.02210153639316559,0.018570054322481155,0.09367216378450394,0.46021249890327454,16,16,0,0.0,0.1481146885459554,0.11138591866354669,0.14809987855809958,0.14808506857024378,0.14808506857024378,0.14809987855809958,0.14812949853381122,0.7704290789833288,0.0,1.0,0.22957092101667123,2460,0.6723148401202514,0.16666666666666666,0.16666666666666666,0.16666666666666666,0.16666666666666666,0.16666666666666666,0.16666666666666666,1,0.020291132852435112,0.10579976439476013,8.266528129577637,6.650226593017578,1.8479102849960327,30.86336326599121,0,1
left arm,Matthew,data/left arm/Matthew/filtered/Matthew_session06_filtered.npz,Matthew_session06_filtered.npz,365958,16,3658,182.979,0.04793689772486687,0.023848015815019608,0.018455935642123222,0.1061728373169899,0.4974876642227173,16,16,0,0.0,0.1481344333683883,0.11128227156251388,0.14811962140624768,0.14811962140624768,0.14810480944410706,0.14814924533052892,0.14808999748196644,0.7706396938217606,0.0,1.0,0.22936030617823946,2460,0.6724986331328595,0.16666666666666666,0.16666666666666666,0.16666666666666666,0.16666666666666666,0.16666666666666666,0.16666666666666666,1,0.028423691168427467,0.11527425050735474,5.664443492889404,4.847136497497559,1.5595353841781616,19.512874603271484,0,1
left arm,Matthew,data/left arm/Matthew/filtered/Matthew_session07_filtered.npz,Matthew_session07_filtered.npz,365418,16,3653,182.709,0.04684191942214966,0.023856984451413155,0.016628580167889595,0.1014479547739029,0.5093084573745728,16,16,0,0.0,0.14811688215518135,0.11135794789769109,0.14811688215518135,0.14804283111920735,0.14814650256957096,0.14808726174079176,0.14813169236237614,0.7722419928825622,0.0,1.0,0.2277580071174377,2461,0.6736928551875171,0.16659894351889476,0.16659894351889476,0.1670052824055262,0.16659894351889476,0.16659894351889476,0.16659894351889476,1,0.025067484006285667,0.102720245718956,6.106025695800781,5.293888092041016,1.4231740236282349,20.613143920898438,1,2
left arm,Matthew,data/left arm/Matthew/filtered/Matthew_session08_filtered.npz,Matthew_session08_filtered.npz,365634,16,3655,182.817,0.049523163586854935,0.024080786854028702,0.01777668297290802,0.10318133980035782,0.4862529933452606,16,16,0,0.0,0.1481245650145859,0.11141549806755416,0.14813937302868313,0.1481245650145859,0.14810975700048867,0.148065332958197,0.14802090891590527,0.771545827633379,0.0,1.0,0.22845417236662108,2460,0.6730506155950753,0.16666666666666666,0.16666666666666666,0.16666666666666666,0.16666666666666666,0.16666666666666666,0.16666666666666666,1,0.025554846972227097,0.14301244914531708,7.36787748336792,5.42757511138916,1.9960169792175293,19.19074249267578,0,1
left arm,Matthew,data/left arm/Matthew/filtered/Matthew_session09_filtered.npz,Matthew_session09_filtered.npz,365310,16,3652,182.655,0.04275725781917572,0.021446527913212776,0.01831020787358284,0.10144226253032684,0.501587986946106,16,16,0,0.0,0.14813004517514627,0.11135303265940902,0.14813004517514627,0.1480411760349552,0.1481152336517811,0.1481152336517811,0.1481152336517811,0.7721796276013143,0.0,1.0,0.22782037239868566,2460,0.6736035049288062,0.16666666666666666,0.16666666666666666,0.16626016260162602,0.16666666666666666,0.16666666666666666,0.16707317073170733,1,0.036583878099918365,0.14753413200378418,4.958126068115234,4.134267807006836,1.9778722524642944,15.215099334716797,0,1
left arm,Matthew,data/left arm/Matthew/filtered/Matthew_session10_filtered.npz,Matthew_session10_filtered.npz,365364,16,3652,182.682,0.04694192856550217,0.02378344163298607,0.016937965527176857,0.10536351799964905,0.5066567063331604,16,16,0,0.0,0.14814485669851143,0.11142709027623492,0.14805598755832036,0.1481004221284159,0.14813004517514627,0.1481004221284159,0.1480411760349552,0.7719058050383352,0.0,1.0,0.22809419496166483,2459,0.6733296823658269,0.16673444489629932,0.16673444489629932,0.16673444489629932,0.16673444489629932,0.16673444489629932,0.16632777551850345,1,0.01894703321158886,0.1352367103099823,9.268373489379883,7.047161102294922,2.451914072036743,31.92610740661621,0,0
left arm,subject08,data/left arm/subject08/filtered/subject08_session01_filtered.npz,subject08_session01_filtered.npz,360342,16,3602,180.171,0.05344318225979805,0.04415711760520935,0.004925176035612822,0.1504446119070053,0.8262441754341125,16,16,0,0.0,0.14811962140624768,0.11128227156251388,0.14811962140624768,0.14811962140624768,0.14811962140624768,0.14811962140624768,0.14811962140624768,0.7828983897834536,0.0,1.0,0.21710161021654636,2460,0.6829539144919489,0.16666666666666666,0.16666666666666666,0.16666666666666666,0.16666666666666666,0.16666666666666666,0.16666666666666666,1,0.0695413127541542,0.12748530507087708,3.8099241256713867,2.3221211433410645,1.406229853630066,15.919462203979492,2,6
left arm,subject08,data/left arm/subject08/filtered/subject08_session02_filtered.npz,subject08_session02_filtered.npz,360180,16,3600,180.09,0.03407294303178787,0.026043890044093132,0.0045608035288751125,0.09626214951276779,0.7643569111824036,16,16,0,0.0,0.1481152336517811,0.11130859808931348,0.1481152336517811,0.1481152336517811,0.1481152336517811,0.1481152336517811,0.1481152336517811,0.7833333333333333,0.0,1.0,0.21666666666666667,2460,0.6833333333333333,0.16666666666666666,0.16666666666666666,0.16666666666666666,0.16666666666666666,0.16666666666666666,0.16666666666666666,1,0.03752962499856949,0.11878671497106552,5.060258388519287,3.9213924407958984,2.047560453414917,13.951196670532227,0,0
left arm,subject08,data/left arm/subject08/filtered/subject08_session03_filtered.npz,subject08_session03_filtered.npz,360288,16,3601,180.144,0.03279484435915947,0.023499377071857452,0.005256510339677334,0.09207228571176529,0.7165570259094238,16,16,0,0.0,0.1481152336517811,0.11130859808931348,0.1481152336517811,0.1481152336517811,0.1481152336517811,0.1481152336517811,0.1481152336517811,0.7831158011663427,0.0,1.0,0.2168841988336573,2460,0.6831435712302139,0.16666666666666666,0.16666666666666666,0.16666666666666666,0.16666666666666666,0.16666666666666666,0.16666666666666666,1,0.03109138458967209,0.11818061769008636,5.8089447021484375,4.629068374633789,2.3416855335235596,19.207691192626953,0,0
left arm,subject08,data/left arm/subject08/filtered/subject08_session04_filtered.npz,subject08_session04_filtered.npz,360342,16,3602,180.171,0.027002114802598953,0.01891143247485161,0.00527206901460886,0.07510612159967422,0.7003685832023621,16,16,0,0.0,0.14810865250747948,0.11136289582037383,0.14810865250747948,0.14810865250747948,0.14810865250747948,0.14813827423798098,0.14806421991172725,0.7826207662409772,0.0,1.0,0.21737923375902277,2459,0.6826762909494725,0.16673444489629932,0.16673444489629932,0.16673444489629932,0.16673444489629932,0.16673444489629932,0.16632777551850345,1,0.026181122288107872,0.09919168055057526,4.776442527770996,4.266693115234375,2.416710138320923,10.07829475402832,0,0
left arm,subject08,data/left arm/subject08/filtered/subject08_session05_filtered.npz,subject08_session05_filtered.npz,360180,16,3600,180.09,0.02683100663125515,0.01955985091626644,0.004940212704241276,0.07843556255102158,0.7290017604827881,16,16,0,0.0,0.1481152336517811,0.11130859808931348,0.1481152336517811,0.1481152336517811,0.1481152336517811,0.1481152336517811,0.1481152336517811,0.7833333333333333,0.0,1.0,0.21666666666666667,2460,0.6833333333333333,0.16666666666666666,0.16666666666666666,0.16666666666666666,0.16666666666666666,0.16666666666666666,0.16666666666666666,1,0.027696920558810234,0.09381178021430969,4.015171527862549,3.975767135620117,2.086066722869873,8.207554817199707,0,0
left arm,subject08,data/left arm/subject08/filtered/subject08_session06_filtered.npz,subject08_session06_filtered.npz,360234,16,3601,180.117,0.027519837021827698,0.01929662749171257,0.0057833027094602585,0.07888919115066528,0.7011897563934326,16,16,0,0.0,0.14812620352540365,0.11131684194934084,0.14812620352540365,0.14812620352540365,0.14805214042364095,0.14812620352540365,0.14812620352540365,0.7831158011663427,0.0,1.0,0.2168841988336573,2460,0.6831435712302139,0.16666666666666666,0.16666666666666666,0.16666666666666666,0.16666666666666666,0.16666666666666666,0.16666666666666666,1,0.038331739604473114,0.10247427225112915,4.11443567276001,3.8956899642944336,0.850439190864563,8.36262321472168,1,1
left arm,subject08,data/left arm/subject08/filtered/subject08_session07_filtered.npz,subject08_session07_filtered.npz,360504,16,3604,180.252,0.02636444754898548,0.017051080241799355,0.006121157202869654,0.06961946189403534,0.6467452049255371,16,16,0,0.0,0.148124009420687,0.11131519307964628,0.148124009420687,0.148124009420687,0.14806475981691872,0.148124009420687,0.148124009420687,0.7821864594894562,0.0,1.0,0.21781354051054383,2459,0.6822974472807991,0.16673444489629932,0.16673444489629932,0.16673444489629932,0.16632777551850345,0.16673444489629932,0.16673444489629932,1,0.03800870478153229,0.11461710929870605,5.7421064376831055,5.7563090324401855,0.7183985710144043,7.856385231018066,1,1
left arm,subject12,data/left arm/subject12/filtered/subject12_session01_filtered.npz,subject12_session01_filtered.npz,360180,16,3600,180.09,0.05899551138281822,0.04698663577437401,0.005669282283633947,0.14266711473464966,0.7964442372322083,16,16,0,0.0,0.1481152336517811,0.11130859808931348,0.1481152336517811,0.1481152336517811,0.1481152336517811,0.1481152336517811,0.1481152336517811,0.7833333333333333,0.0,1.0,0.21666666666666667,2460,0.6833333333333333,0.16666666666666666,0.16666666666666666,0.16666666666666666,0.16666666666666666,0.16666666666666666,0.16666666666666666,1,0.22671204805374146,0.43403464555740356,4.491994857788086,2.3182806968688965,1.5774414539337158,10.6001558303833,0,7
left arm,subject12,data/left arm/subject12/filtered/subject12_session02_filtered.npz,subject12_session02_filtered.npz,360396,16,3602,180.198,0.13798202574253082,0.14055262506008148,0.005646664183586836,0.4838968813419342,1.0186299085617065,16,16,0,0.0,0.1481152336517811,0.11130859808931348,0.1481152336517811,0.1481152336517811,0.1481152336517811,0.1481152336517811,0.1481152336517811,0.7828983897834536,0.0,1.0,0.21710161021654636,2460,0.6829539144919489,0.16666666666666666,0.16666666666666666,0.16666666666666666,0.16666666666666666,0.16666666666666666,0.16666666666666666,1,0.20841172337532043,0.42244046926498413,4.428219318389893,2.8832075595855713,1.4179198741912842,13.518708229064941,1,4
left arm,subject12,data/left arm/subject12/filtered/subject12_session04_filtered.npz,subject12_session04_filtered.npz,360396,16,3602,180.198,0.0468515083193779,0.035552978515625,0.004886390175670385,0.10583402216434479,0.7588438391685486,16,16,0,0.0,0.1481152336517811,0.11130859808931348,0.1481152336517811,0.1481152336517811,0.1481152336517811,0.1481152336517811,0.1481152336517811,0.7828983897834536,0.0,1.0,0.21710161021654636,2460,0.6829539144919489,0.16666666666666666,0.16666666666666666,0.16666666666666666,0.16666666666666666,0.16666666666666666,0.16666666666666666,1,0.07062993198633194,0.1879235953092575,6.695991039276123,2.770015239715576,1.9498056173324585,20.25493049621582,0,3
left arm,subject12,data/left arm/subject12/filtered/subject12_session05_filtered.npz,subject12_session05_filtered.npz,360180,16,3600,180.09,0.05421612039208412,0.04660767689347267,0.005547849927097559,0.1651783138513565,0.8596645593643188,16,16,0,0.0,0.1481152336517811,0.11130859808931348,0.1481152336517811,0.1481152336517811,0.1481152336517811,0.1481152336517811,0.1481152336517811,0.7833333333333333,0.0,1.0,0.21666666666666667,2460,0.6833333333333333,0.16666666666666666,0.16666666666666666,0.16666666666666666,0.16666666666666666,0.16666666666666666,0.16666666666666666,1,0.0972859114408493,0.21719074249267578,4.760320663452148,2.6973495483398438,1.6313918828964233,10.052457809448242,0,7
left arm,subject12,data/left arm/subject12/filtered/subject12_session06_filtered.npz,subject12_session06_filtered.npz,375786,16,3756,187.893,0.10776004195213318,0.09643837064504623,0.0049631488509476185,0.2772423326969147,0.8949362635612488,16,16,0,0.0,0.14807575555654273,0.11154546666074364,0.14807575555654273,0.14807575555654273,0.14807575555654273,0.14807575555654273,0.14807575555654273,0.7510649627263046,0.0,1.0,0.24893503727369543,2460,0.6549520766773163,0.16666666666666666,0.16666666666666666,0.16666666666666666,0.16666666666666666,0.16666666666666666,0.16666666666666666,1,0.14353924989700317,0.19477233290672302,6.492232322692871,1.9840658903121948,0.9361844062805176,22.82353401184082,7,8
left arm,subject12,data/left arm/subject12/filtered/subject12_session07_filtered.npz,subject12_session07_filtered.npz,360342,16,3602,180.171,0.06095091998577118,0.04500823840498924,0.006219096481800079,0.13481764495372772,0.7384341359138489,16,16,0,0.0,0.1481152336517811,0.11130859808931348,0.1481152336517811,0.1481152336517811,0.1481152336517811,0.1481152336517811,0.1481152336517811,0.7828983897834536,0.0,1.0,0.21710161021654636,2460,0.6829539144919489,0.16666666666666666,0.16666666666666666,0.16666666666666666,0.16666666666666666,0.16666666666666666,0.16666666666666666,1,0.08484843373298645,0.1862451583147049,7.317632675170898,2.416663646697998,1.4036777019500732,30.713655471801758,1,6
